t,CC,L2norm,stim_name
0.9789738655,0.0127936294,181.572047925,ns_3_t_15p39_3p98_9p16_phi_0p22_n0p99_n0p23_z_0p59_0p52_0p25_thr_6p02_6p19_6p20_cv_1p06
29.7764430046,-0.2271170705,288.603545284,ns_3_t_18p82_2p13_16p13_phi_n0p23_0p79_0p68_z_0p40_0p79_0p48_thr_1p10_1p27_3p29_cv_3p37
40.6557459831,-0.0657887747,177.080824824,ns_3_t_6p62_3p77_18p10_phi_n0p50_0p33_n0p51_z_0p95_0p77_0p80_thr_9p63_3p36_8p03_cv_3p19
51.9639918804,0.3260292385,150.972343781,ns_3_t_4p31_3p84_19p61_phi_0p10_0p95_0p65_z_0p38_0p87_0p67_thr_1p57_4p45_4p70_cv_3p50
63.1298708916,-0.3191123281,347.961581578,ns_3_t_14p60_9p59_10p85_phi_0p29_n0p07_0p13_z_0p81_0p88_0p65_thr_8p01_7p18_9p67_cv_1p18
73.9374718666,0.2299178728,158.592137223,ns_3_t_16p96_14p61_6p35_phi_n0p20_0p80_n0p33_z_0p95_0p67_0p35_thr_9p54_8p54_5p15_cv_3p43
84.8970308304,0.2419653571,203.103096626,ns_3_t_7p09_14p95_2p81_phi_n0p26_n0p03_0p30_z_0p20_0p33_0p51_thr_9p32_4p19_8p21_cv_2p52
95.9705109596,-0.1775456193,202.878248301,ns_3_t_13p48_2p83_15p39_phi_0p77_n0p01_0p54_z_0p82_0p94_0p97_thr_6p33_5p21_3p82_cv_2p69
106.875298023,0.2983536502,144.005137992,ns_3_t_17p28_5p18_0p40_phi_n0p59_n0p54_0p58_z_0p63_0p37_0p95_thr_8p60_4p86_2p45_cv_2p85
117.843569994,0.224897588,161.962805164,ns_3_t_19p17_13p95_9p77_phi_n0p37_0p84_n0p42_z_0p21_0p29_0p57_thr_4p09_9p74_1p97_cv_2p03
129.055325031,0.2037233594,172.340137427,ns_3_t_14p44_7p22_16p73_phi_n0p53_n0p82_n0p27_z_0p74_0p47_0p49_thr_4p51_7p59_8p98_cv_1p82
139.884508848,-0.1912291766,236.507099971,ns_3_t_6p68_11p41_8p60_phi_n0p94_0p76_0p52_z_0p94_0p91_0p33_thr_6p18_2p80_7p08_cv_1p53
150.847066879,0.1495185423,157.270417681,ns_3_t_7p48_15p21_15p85_phi_n0p07_n0p97_n0p30_z_0p68_0p46_0p21_thr_5p09_1p13_8p99_cv_2p95
162.042596817,-0.001750281,142.330477346,ns_3_t_17p59_14p45_17p97_phi_n0p82_0p39_n0p71_z_0p79_0p24_0p83_thr_8p17_2p63_3p53_cv_2p31
173.25583601,0.0310520364,148.123868461,ns_3_t_7p88_6p69_3p41_phi_0p06_n0p77_n0p72_z_0p96_0p62_0p96_thr_4p20_7p28_7p68_cv_1p44
184.192662001,0.0150751826,165.219384021,ns_3_t_8p61_8p82_4p75_phi_n0p91_n0p63_0p60_z_0p98_0p43_0p24_thr_5p12_4p96_8p16_cv_1p34
195.002475023,-0.1417892992,505.442054211,ns_3_t_11p92_14p99_4p09_phi_0p73_0p97_0p86_z_0p57_0p59_0p97_thr_7p48_2p86_6p79_cv_1p28
206.066704035,0.3528575734,189.625033634,ns_3_t_2p57_14p39_17p13_phi_n0p83_n0p09_0p11_z_0p26_0p34_0p95_thr_7p19_1p15_8p90_cv_1p74
217.113088846,-0.263003665,316.626451979,ns_3_t_2p15_11p22_16p18_phi_0p60_n0p01_0p71_z_0p83_0p87_0p49_thr_4p59_4p91_5p25_cv_1p80
228.086751938,0.3359821966,173.109329441,ns_3_t_3p42_14p16_15p71_phi_n0p62_n0p59_n0p65_z_0p49_0p47_0p56_thr_5p04_5p28_3p79_cv_3p16
238.987233877,0.2842878179,185.639979048,ns_3_t_11p22_3p15_13p46_phi_0p55_n0p67_0p62_z_0p98_0p66_0p70_thr_4p85_9p08_2p53_cv_1p57
249.987395048,0.1331290939,162.036314144,ns_3_t_10p13_5p24_12p07_phi_n0p29_n0p34_0p83_z_0p89_0p67_0p59_thr_2p56_6p45_7p82_cv_2p41
261.115680933,0.2740282851,201.273940933,ns_3_t_8p76_16p38_14p75_phi_n0p93_n0p80_n0p79_z_0p22_0p68_0p44_thr_2p00_5p03_8p55_cv_3p82
272.244004965,0.0732346245,185.120488317,ns_3_t_18p33_7p89_5p05_phi_n0p81_0p85_n0p47_z_0p91_0p83_0p70_thr_6p43_4p81_7p30_cv_2p72
283.339423895,0.1572165605,163.038272782,ns_3_t_10p90_8p89_6p08_phi_n0p88_0p74_n0p63_z_0p91_0p39_0p64_thr_2p52_5p32_4p87_cv_3p35
294.498337984,-0.2556186053,230.875466021,ns_3_t_14p68_3p32_18p02_phi_0p04_0p32_n0p20_z_0p50_0p66_0p27_thr_2p99_8p82_3p05_cv_1p78
305.576154947,0.056096699,177.685231688,ns_3_t_6p94_17p40_13p98_phi_n0p35_0p67_0p99_z_0p96_0p68_0p46_thr_2p50_9p84_5p97_cv_3p06
316.479060888,-0.1392919213,290.119770673,ns_3_t_8p41_4p97_4p35_phi_n0p48_0p77_n0p10_z_0p97_0p95_0p91_thr_9p99_6p99_3p37_cv_2p10
327.509780884,-0.2601227041,281.965348743,ns_3_t_14p11_8p09_17p66_phi_n0p54_0p44_0p89_z_0p84_0p63_0p62_thr_1p67_5p49_7p90_cv_2p29
338.427367926,-0.0912931616,181.921910033,ns_3_t_15p04_12p80_14p11_phi_n0p04_n0p68_0p25_z_0p66_0p77_0p75_thr_6p97_2p93_8p19_cv_3p21
349.413471937,-0.1086876215,189.563303158,ns_3_t_16p02_19p45_8p96_phi_n0p91_n0p78_0p15_z_0p91_0p84_0p75_thr_8p24_3p88_6p49_cv_3p55
360.49324584,0.2912355872,160.153125011,ns_3_t_19p57_0p42_1p02_phi_n0p84_0p50_n0p26_z_0p77_0p93_0p53_thr_5p67_2p13_7p16_cv_3p11
371.40823698,-0.1496823108,159.203898363,ns_3_t_0p50_10p70_12p69_phi_0p37_n0p32_n0p94_z_0p90_0p90_0p59_thr_1p44_3p60_1p74_cv_3p33
382.381950855,-0.0920663533,455.936540356,ns_3_t_13p23_19p17_4p07_phi_0p96_0p26_0p79_z_0p93_0p47_0p56_thr_3p54_7p78_6p39_cv_1p04
393.293619871,-0.2150756867,321.766381697,ns_3_t_18p07_10p41_11p36_phi_0p47_0p45_n0p91_z_0p50_0p91_0p48_thr_6p27_2p52_9p32_cv_1p66
404.616519928,-0.417481826,371.646200935,ns_3_t_2p71_0p03_17p40_phi_0p28_0p65_0p93_z_0p68_0p89_0p61_thr_3p85_8p63_4p60_cv_1p31
415.640700817,-0.1525820451,246.173735467,ns_3_t_18p60_5p48_13p81_phi_0p54_n0p71_0p39_z_0p48_0p71_0p51_thr_3p43_4p65_8p66_cv_3p78
426.632165909,0.2166645119,207.838670454,ns_3_t_19p86_10p21_8p24_phi_0p27_0p71_n0p35_z_0p29_0p55_0p50_thr_9p39_8p09_9p42_cv_2p47
437.514070988,0.1514811625,182.318778947,ns_3_t_2p27_7p39_18p99_phi_n0p85_n0p74_n0p09_z_0p73_0p80_0p32_thr_4p36_6p53_3p50_cv_2p48
448.701061964,-0.1584103674,205.034422897,ns_3_t_3p36_11p31_11p24_phi_0p81_0p69_n0p92_z_0p30_0p75_0p78_thr_2p46_9p65_1p21_cv_1p61
459.661502838,0.260261822,185.954962202,ns_3_t_17p85_5p57_1p55_phi_n0p40_n0p92_n0p38_z_0p57_0p98_0p60_thr_8p69_4p70_4p98_cv_3p39
471.069489002,0.0273589457,170.067874989,ns_3_t_16p17_3p53_18p94_phi_n0p15_n0p19_n0p68_z_0p53_0p96_0p46_thr_4p78_3p07_5p18_cv_2p93
481.949674845,0.3749331734,215.23528612,ns_3_t_8p02_7p04_4p46_phi_n0p86_n0p75_n0p45_z_0p22_0p27_0p81_thr_9p72_5p39_2p41_cv_2p62
492.956254005,-0.1069359309,350.701856753,ns_3_t_4p16_10p00_16p43_phi_0p83_n0p45_n0p62_z_0p62_0p90_0p71_thr_3p30_1p71_5p14_cv_2p14
503.933744907,0.0086497623,354.346285922,ns_3_t_2p41_9p13_14p65_phi_0p33_0p30_n0p33_z_0p39_0p89_0p23_thr_2p14_1p06_3p25_cv_1p73
514.921766043,0.103228094,158.292116073,ns_3_t_14p80_10p12_6p55_phi_n0p46_n0p18_0p03_z_0p26_0p58_0p80_thr_2p92_7p82_6p11_cv_2p81
525.860715866,-0.0085382018,143.712074949,ns_3_t_9p87_9p39_15p95_phi_0p85_0p43_n0p71_z_0p86_0p81_0p37_thr_3p30_6p04_4p05_cv_3p26
536.970573902,0.0182547279,186.839333387,ns_3_t_4p35_2p93_0p07_phi_0p26_0p08_n0p47_z_0p40_0p49_0p69_thr_4p03_4p10_8p24_cv_3p30
548.24818182,-0.3588418583,235.425476749,ns_3_t_15p03_6p83_19p79_phi_0p64_0p27_0p46_z_0p81_0p96_0p99_thr_6p38_1p32_7p77_cv_2p50
559.307971001,0.0543669467,170.085770624,ns_3_t_3p00_15p34_18p62_phi_0p94_n0p02_n0p50_z_0p22_0p40_0p97_thr_5p74_8p96_5p55_cv_2p74
570.389823914,0.0215448082,185.233365325,ns_3_t_5p29_7p82_6p62_phi_n0p79_0p13_0p02_z_0p86_0p88_0p71_thr_8p13_3p00_7p20_cv_3p14
581.153872013,0.5320295786,104.467725307,ns_3_t_12p94_1p46_5p67_phi_n0p79_n0p06_0p97_z_0p88_0p54_0p85_thr_8p64_7p95_6p30_cv_3p95
592.147209883,-0.1689321058,251.799361288,ns_3_t_1p18_0p97_7p32_phi_0p23_0p03_0p35_z_0p78_0p41_0p64_thr_3p71_1p41_2p71_cv_1p83
603.49472785,-0.262362421,199.055552087,ns_3_t_11p66_1p77_3p76_phi_0p01_n0p98_0p38_z_0p84_0p42_0p58_thr_5p37_3p52_3p77_cv_2p74
614.415436029,-0.0930893193,169.160719145,ns_3_t_17p70_17p05_8p98_phi_n0p18_n0p88_0p67_z_0p48_0p92_0p82_thr_9p18_9p51_3p96_cv_2p46
625.448315859,0.1366494898,239.667112597,ns_3_t_16p30_17p65_13p11_phi_n0p59_0p68_0p98_z_0p23_0p73_0p76_thr_8p33_5p33_6p58_cv_2p18
636.986537933,0.1294759881,170.892478605,ns_3_t_16p58_12p47_7p87_phi_0p18_0p34_n0p24_z_0p46_0p68_0p25_thr_5p80_1p65_6p13_cv_3p87
648.355551004,-0.1276683793,176.278003548,ns_3_t_14p76_15p43_18p84_phi_n0p30_n0p31_n0p89_z_0p92_0p58_0p93_thr_1p65_1p21_9p78_cv_1p32
660.285078049,-0.3749742978,260.9033281,ns_3_t_5p22_17p93_9p65_phi_0p66_0p59_n0p97_z_0p44_0p38_0p81_thr_4p99_3p17_4p77_cv_2p83
671.088917971,-0.3037774158,230.883635821,ns_3_t_3p94_12p54_15p51_phi_0p72_n0p87_0p76_z_0p41_1p00_0p33_thr_9p13_3p32_6p04_cv_1p90
681.86611104,-0.1598928104,176.983442907,ns_3_t_9p71_17p03_6p86_phi_0p68_n0p82_0p87_z_0p59_0p27_0p23_thr_9p59_2p16_8p40_cv_3p67
692.649684906,0.2699439914,156.939926632,ns_3_t_0p29_9p68_13p60_phi_0p99_n0p69_0p13_z_0p77_0p57_0p28_thr_7p15_5p97_2p97_cv_3p12
703.616292,0.0844020961,162.435964066,ns_3_t_12p55_5p30_0p78_phi_0p90_0p43_n0p45_z_1p00_0p23_0p51_thr_3p74_6p68_5p61_cv_1p37
714.463946819,-0.0014108644,146.128740786,ns_3_t_19p40_17p32_12p13_phi_n0p72_n0p57_n0p57_z_0p35_0p44_0p35_thr_7p46_9p68_4p41_cv_1p05
724.993226051,-0.1050518569,237.993239553,ns_3_t_17p48_6p43_1p45_phi_0p23_0p96_n0p54_z_0p51_0p25_0p28_thr_5p54_1p55_9p19_cv_3p52
735.62785697,-0.0581584899,190.847112402,ns_3_t_6p33_11p89_7p92_phi_0p45_0p75_n0p02_z_0p69_0p64_0p35_thr_5p44_4p35_4p84_cv_2p63
746.521312952,0.139816774,212.978690362,ns_3_t_10p50_8p71_16p64_phi_n0p07_n0p14_0p45_z_0p62_0p24_0p34_thr_1p16_6p57_2p23_cv_2p11
757.417886019,-0.1253977934,216.312423285,ns_3_t_16p40_18p92_5p01_phi_0p72_n0p10_0p14_z_0p96_0p90_0p39_thr_6p35_9p82_1p68_cv_2p78
767.91951704,0.1786848044,164.237014811,ns_3_t_1p73_12p83_12p62_phi_n0p28_0p89_n0p20_z_0p65_0p58_0p44_thr_8p47_2p49_1p87_cv_2p16
778.66670084,-0.0614629967,235.990354032,ns_3_t_9p13_17p14_5p52_phi_n0p45_0p57_0p55_z_0p74_0p29_0p42_thr_2p95_7p02_7p33_cv_1p59
789.491134882,0.1603765876,152.85196578,ns_3_t_19p05_16p85_18p76_phi_n0p52_n0p44_0p61_z_0p37_0p71_0p29_thr_5p61_5p85_3p62_cv_3p80
800.381909847,0.3867780853,301.862707322,ns_3_t_12p09_19p24_7p40_phi_n0p84_n0p83_n0p76_z_0p25_0p73_0p78_thr_6p56_5p58_5p46_cv_2p64
811.219079971,0.0667976238,182.089182049,ns_3_t_4p78_10p57_7p22_phi_0p87_n0p60_n0p57_z_0p30_0p76_0p80_thr_1p80_8p02_5p51_cv_2p75
823.267460823,-0.3309469281,244.700877956,ns_3_t_0p82_6p40_18p48_phi_0p59_0p55_0p86_z_0p53_0p33_0p78_thr_9p90_6p71_1p84_cv_3p56
834.272524834,-0.3614332636,310.825572758,ns_3_t_1p55_15p64_1p73_phi_0p58_0p81_0p64_z_0p44_0p40_0p89_thr_8p37_4p74_1p40_cv_2p77
844.846065998,-0.0977264257,201.327122407,ns_3_t_19p82_9p95_18p37_phi_0p47_0p29_0p79_z_0p54_0p37_0p31_thr_7p32_1p46_9p46_cv_3p52
855.685340881,0.0686199233,155.760565999,ns_3_t_14p03_4p62_2p49_phi_0p76_n0p19_n0p15_z_0p59_0p63_0p43_thr_4p43_7p15_9p14_cv_3p98
866.774600983,0.1787019957,163.99313914,ns_3_t_0p96_10p36_2p72_phi_0p49_n0p24_n0p04_z_0p43_0p61_0p61_thr_1p03_5p07_4p09_cv_3p63
878.050715923,-0.2850199821,279.524807982,ns_3_t_10p72_13p24_14p61_phi_0p32_0p07_n0p06_z_0p69_0p51_0p69_thr_8p42_6p86_6p91_cv_1p12
888.769528866,-0.0073021922,232.874849984,ns_3_t_4p58_4p32_5p69_phi_n0p49_n0p68_0p15_z_0p70_0p82_0p45_thr_2p75_8p36_1p93_cv_2p22
899.388151884,-0.1456809183,157.319001286,ns_3_t_9p26_14p81_19p47_phi_0p16_0p93_n0p99_z_0p80_0p74_0p24_thr_7p90_7p67_5p09_cv_2p50
911.305192947,0.0410338017,304.487571441,ns_3_t_11p46_17p47_7p00_phi_0p30_n0p35_0p42_z_0p41_0p30_0p36_thr_4p11_7p86_2p57_cv_1p92
922.22198987,0.2382124844,150.59304568,ns_3_t_12p01_9p03_5p87_phi_n0p16_0p73_n0p74_z_0p89_0p22_0p65_thr_5p35_9p36_7p09_cv_3p72
932.656168938,-0.0809227055,206.822976324,ns_3_t_0p11_3p10_0p29_phi_n0p99_0p91_n0p28_z_0p66_0p52_0p87_thr_7p74_6p92_8p62_cv_3p97
943.350154877,-0.1982206927,206.097124323,ns_3_t_16p96_0p77_7p50_phi_0p08_n0p66_0p20_z_0p32_0p82_0p93_thr_1p27_9p34_8p92_cv_3p86
954.481035948,0.0289000583,186.361512454,ns_3_t_9p67_11p05_8p72_phi_n0p89_n0p43_0p19_z_0p89_0p85_0p72_thr_7p16_8p62_9p55_cv_3p16
965.808840036,0.0468041863,180.686531627,ns_3_t_15p81_1p16_9p41_phi_n0p42_0p32_n0p53_z_0p94_0p26_0p50_thr_3p11_2p11_7p87_cv_2p43
976.372571945,-0.0360126599,194.553187774,ns_3_t_15p31_5p38_13p24_phi_n0p31_n0p08_n0p43_z_0p67_0p74_0p29_thr_5p26_5p96_4p54_cv_1p27
987.338345051,0.393001078,160.852863821,ns_3_t_11p05_10p50_0p89_phi_n0p99_n0p15_n0p46_z_0p37_0p97_0p27_thr_3p97_7p93_1p57_cv_1p47
999.233867884,-0.2236703591,340.289039533,ns_3_t_19p25_19p80_14p40_phi_0p41_0p53_0p72_z_0p31_0p66_0p21_thr_2p85_9p20_2p82_cv_2p89
1011.09154892,0.2324049387,172.100523548,ns_3_t_18p27_7p99_8p78_phi_0p40_n0p40_n0p98_z_0p65_0p56_0p28_thr_2p04_8p49_4p44_cv_2p00
1021.88846087,-0.2018942897,196.365019058,ns_3_t_0p01_10p76_15p81_phi_0p90_n0p29_0p21_z_0p39_0p93_0p20_thr_4p26_7p73_8p72_cv_1p49
1032.55718994,-0.1036707724,150.432109906,ns_3_t_11p52_17p71_9p75_phi_0p01_n0p25_n0p93_z_0p72_0p53_0p70_thr_1p72_9p13_2p73_cv_2p55
1043.2851789,-0.0472309644,151.343861101,ns_3_t_5p81_2p71_16p49_phi_n0p13_n0p89_n0p01_z_0p76_0p60_0p39_thr_3p68_8p51_5p59_cv_1p35
1054.27027702,0.3700388984,208.058675069,ns_3_t_6p17_9p11_17p69_phi_n0p74_0p86_n0p82_z_0p46_0p92_0p42_thr_6p67_6p04_3p19_cv_3p00
1065.98596001,0.113085945,188.840642259,ns_3_t_1p36_6p05_18p52_phi_0p34_n0p58_0p35_z_0p24_0p54_0p73_thr_1p61_1p66_7p92_cv_2p32
1076.63968301,0.5016340892,204.217956368,ns_3_t_10p47_15p09_0p49_phi_n0p24_0p98_n0p85_z_0p35_0p45_0p98_thr_5p93_8p22_6p81_cv_2p26
1087.21336985,-0.0156003809,141.007877607,ns_3_t_11p04_2p72_14p27_phi_0p84_n0p85_0p34_z_0p94_0p71_0p81_thr_4p40_7p73_6p95_cv_1p63
1097.82517505,-0.3736809176,319.330988147,ns_3_t_13p11_0p11_18p68_phi_0p21_0p35_0p33_z_0p46_1p00_0p79_thr_4p73_6p73_6p25_cv_1p56
1108.67258692,-0.1783201448,272.901764032,ns_3_t_11p90_10p25_0p20_phi_0p93_0p88_n0p14_z_0p73_0p76_0p88_thr_3p84_2p33_6p53_cv_1p69
1119.42940497,0.4368395846,128.463892262,ns_3_t_7p99_7p51_19p05_phi_0p27_n0p64_0p09_z_0p90_0p36_0p90_thr_6p13_8p89_7p46_cv_3p76
1130.13514996,0.0355510063,170.965352757,ns_3_t_0p74_6p49_0p83_phi_n0p36_0p18_0p91_z_0p67_0p99_0p64_thr_6p25_3p10_6p88_cv_1p03
1141.09207296,-0.3867304411,191.438146559,ns_3_t_7p30_14p24_2p38_phi_0p74_0p61_0p70_z_0p58_0p39_0p31_thr_7p80_5p64_5p95_cv_3p84
1152.03458095,0.0877322848,168.614014204,ns_3_t_19p49_19p10_10p98_phi_n0p65_0p12_n0p15_z_0p36_0p37_0p50_thr_2p66_2p48_4p27_cv_3p47
1162.93041897,-0.2548545817,248.325201551,ns_3_t_8p86_12p14_5p80_phi_0p75_0p21_0p29_z_0p29_0p81_0p55_thr_8p74_7p41_7p98_cv_1p71
1173.84412503,0.2355765318,171.568507806,ns_3_t_9p50_9p85_6p95_phi_n0p03_n0p43_n0p28_z_0p56_0p23_0p57_thr_6p21_7p25_4p66_cv_3p77
1184.75776696,-0.0037430943,153.704271175,ns_3_t_12p41_13p53_1p61_phi_0p82_n0p06_n0p92_z_0p54_0p23_0p52_thr_9p87_7p35_4p13_cv_3p70
1195.85559201,0.2250553784,148.91088206,ns_3_t_11p76_11p63_8p53_phi_n0p20_n0p20_n0p88_z_0p31_0p20_0p67_thr_1p50_1p02_6p75_cv_3p60
1206.62135482,-0.2261861437,286.416866407,ns_3_t_16p77_18p98_10p00_phi_n0p12_0p56_0p69_z_0p74_0p80_0p69_thr_9p66_3p69_9p85_cv_2p42
1217.29622197,-0.0744053129,202.537449456,ns_3_t_0p47_18p31_14p21_phi_n0p26_n0p38_0p18_z_0p75_0p70_0p38_thr_1p30_8p30_3p89_cv_3p41
1227.88397503,0.0244219548,175.084738895,ns_3_t_15p96_15p80_4p52_phi_0p77_0p14_n0p21_z_0p79_0p64_0p61_thr_7p37_5p10_8p51_cv_1p98
1238.39596391,0.3151410292,118.56084285,ns_3_t_2p06_13p41_8p09_phi_0p14_n0p92_n0p08_z_0p44_0p55_0p26_thr_9p30_3p47_9p94_cv_3p78
1249.25946689,-0.2145843569,185.885503236,ns_3_t_5p73_5p76_11p88_phi_n0p00_0p65_0p59_z_0p45_0p28_0p84_thr_6p89_9p87_3p11_cv_3p20
1259.83593798,-0.2496754987,346.344917225,ns_3_t_8p17_0p59_10p09_phi_n0p89_0p38_0p45_z_0p43_0p44_0p72_thr_7p09_2p00_7p15_cv_1p92
1270.94966388,-0.2560170302,164.903616618,ns_3_t_3p89_5p93_11p80_phi_0p88_0p92_n0p17_z_0p61_0p27_1p00_thr_3p05_8p00_8p85_cv_3p31
1281.85486794,0.2614457638,152.749446487,ns_3_t_6p51_14p11_16p04_phi_n0p54_n0p55_n0p90_z_0p80_0p28_0p41_thr_1p95_1p75_5p37_cv_3p54
1292.48147392,-0.1480036976,211.947780391,ns_3_t_3p73_1p12_1p09_phi_0p69_n0p24_n0p87_z_0p38_0p93_0p47_thr_7p25_3p26_3p99_cv_2p12
1303.54397583,0.0002587706,146.222084883,ns_3_t_5p37_17p58_17p56_phi_0p05_0p70_0p95_z_0p85_0p72_0p43_thr_2p34_3p05_1p94_cv_1p02
1315.0655179,0.254860586,280.275481075,ns_3_t_10p32_11p15_3p05_phi_0p98_n0p83_n0p55_z_0p63_0p34_0p53_thr_8p71_4p15_9p99_cv_1p55
1325.89825797,-0.2097271644,335.735849611,ns_3_t_2p23_18p84_10p48_phi_0p78_0p66_n0p25_z_0p77_0p57_0p76_thr_6p98_4p05_9p14_cv_2p81
1337.72296786,0.3946748334,259.633070626,ns_3_t_8p30_4p89_18p32_phi_0p62_n0p80_n0p84_z_0p85_0p60_0p86_thr_1p05_5p66_4p79_cv_3p89
1348.73882103,-0.0156214162,192.113335232,ns_3_t_7p60_16p28_17p83_phi_0p13_0p92_n0p06_z_0p26_0p51_0p39_thr_4p84_5p73_4p28_cv_1p48
1360.50286603,0.3503074334,251.831628628,ns_3_t_14p20_5p85_10p04_phi_n0p48_n0p75_0p80_z_0p55_0p53_0p73_thr_3p41_4p52_2p14_cv_2p57
1372.56305885,-0.1303089578,261.429791611,ns_3_t_6p09_0p68_17p05_phi_0p70_0p98_n0p52_z_0p99_0p50_0p32_thr_8p90_3p52_2p66_cv_3p57
1383.7236259,-0.1757749226,221.100602502,ns_3_t_14p90_18p77_8p45_phi_0p38_0p50_n0p34_z_0p64_0p58_0p72_thr_5p85_2p79_5p35_cv_1p19
1395.04173303,-0.0879282489,273.905845713,ns_3_t_12p60_18p20_2p02_phi_0p56_n0p47_n0p40_z_0p60_0p79_0p92_thr_7p93_3p22_7p63_cv_2p24
1405.88070703,-0.2036365749,221.114004477,ns_3_t_1p07_3p69_19p41_phi_0p88_n0p12_n0p04_z_0p42_0p61_0p54_thr_1p35_3p99_6p47_cv_1p51
1417.76717901,-0.094916015,371.239571714,ns_3_t_19p30_13p10_3p56_phi_n0p70_n0p95_n0p95_z_0p29_0p89_0p57_thr_3p78_7p21_5p41_cv_2p92
1429.40978885,-0.2525148307,226.630408678,ns_3_t_8p56_19p53_2p22_phi_0p97_n0p31_0p49_z_0p45_0p91_0p34_thr_9p07_5p14_4p91_cv_2p01
1440.26070285,-0.1237458354,140.758124629,ns_3_t_19p70_14p52_9p44_phi_0p61_n0p70_0p78_z_0p83_0p76_0p30_thr_9p51_4p26_7p98_cv_3p65
1451.46555901,-0.0714784616,195.696491069,ns_3_t_4p45_12p19_12p96_phi_n0p43_0p17_n0p77_z_0p82_0p85_0p66_thr_2p89_9p49_2p59_cv_2p39
1462.53924704,-0.2830232578,177.653413053,ns_3_t_2p78_7p65_4p27_phi_n0p21_n0p55_0p90_z_0p78_0p83_0p59_thr_1p51_5p79_7p44_cv_3p49
1474.43978,0.349818753,163.995423227,ns_3_t_4p65_6p08_16p98_phi_n0p04_n0p77_0p26_z_0p47_0p49_0p76_thr_8p53_6p29_9p81_cv_3p02
1486.28435993,0.087049084,205.722290892,ns_3_t_5p60_12p31_0p14_phi_0p03_0p58_0p01_z_0p93_0p32_0p42_thr_1p73_6p61_5p76_cv_2p45
1497.87856388,0.2052458694,233.796416437,ns_3_t_11p43_16p91_10p69_phi_n0p76_0p31_n0p73_z_0p25_0p36_0p85_thr_8p86_8p95_1p26_cv_2p04
1509.67136884,-0.0337055464,222.872300499,ns_3_t_13p93_15p73_14p56_phi_n0p96_0p48_0p43_z_0p45_0p25_0p40_thr_2p09_2p71_2p30_cv_3p34
1521.51454401,-0.1722487296,262.220602641,ns_3_t_19p67_7p34_11p98_phi_0p24_n0p41_0p40_z_0p55_0p91_0p96_thr_8p40_3p38_9p49_cv_1p84
1532.17310905,0.1780092103,188.633473271,ns_3_t_4p19_3p23_5p15_phi_n0p34_0p94_0p32_z_0p68_0p31_0p40_thr_6p94_7p06_1p46_cv_2p59
1543.15660286,0.2031371131,163.994485185,ns_3_t_13p17_15p99_3p50_phi_n0p24_n0p27_n0p61_z_0p32_0p65_0p62_thr_4p65_8p18_2p03_cv_2p56
1554.38807797,0.0592057192,196.433607893,ns_3_t_5p65_3p38_2p40_phi_0p25_n0p46_n0p75_z_0p33_0p76_0p41_thr_9p95_3p30_5p01_cv_1p58
1565.68227482,-0.0977450542,168.174467638,ns_3_t_14p25_11p83_12p84_phi_0p80_0p03_0p84_z_0p64_0p75_0p33_thr_9p82_7p62_3p47_cv_3p00
1577.38041592,-0.2665334582,244.023880885,ns_3_t_0p17_18p51_4p56_phi_n0p31_0p57_n0p49_z_0p23_0p61_0p22_thr_7p72_9p06_4p59_cv_3p91
1588.62286592,-0.1168289107,250.233383906,ns_3_t_15p90_12p07_9p88_phi_n0p57_0p20_0p28_z_0p55_0p35_0p51_thr_1p41_6p51_8p80_cv_3p04
1600.54668593,-0.2267633972,177.081013383,ns_3_t_17p65_19p33_15p66_phi_0p09_0p10_n0p31_z_0p87_0p22_1p00_thr_3p64_3p14_7p25_cv_1p01
1612.46816182,-0.2167745043,156.245929709,ns_3_t_6p83_4p64_6p67_phi_0p79_0p36_n0p88_z_0p63_0p73_0p30_thr_1p93_5p71_1p47_cv_1p71
1624.56605387,-0.353065732,243.808219088,ns_3_t_2p82_16p76_2p93_phi_0p20_0p54_0p57_z_0p78_0p74_0p36_thr_3p88_1p52_3p21_cv_2p65
1636.4850409,0.0054719362,169.99304015,ns_3_t_12p33_13p73_1p17_phi_n0p28_0p97_0p72_z_0p91_0p32_0p28_thr_9p03_7p09_8p10_cv_2p98
1648.383847,0.0043673921,180.443532065,ns_3_t_6p80_19p91_13p74_phi_0p96_0p63_n0p01_z_0p40_0p55_0p47_thr_9p28_3p76_4p48_cv_1p13
1659.65649104,0.0211249359,313.027480371,ns_3_t_10p23_1p67_19p86_phi_0p35_n0p61_n0p60_z_0p44_0p65_0p98_thr_6p45_4p62_9p22_cv_1p42
1671.11023784,0.1251409183,228.623084234,ns_3_t_18p41_1p24_11p05_phi_0p09_n0p72_0p05_z_0p61_0p30_0p32_thr_5p23_2p28_5p25_cv_1p88
1682.27130103,0.3057636373,186.237615072,ns_3_t_8p39_0p50_16p32_phi_n0p62_n0p64_0p82_z_0p38_0p86_0p93_thr_9p77_5p89_6p98_cv_3p08
1693.34408689,0.1894696262,154.442256003,ns_3_t_6p46_7p07_19p74_phi_n0p87_n0p12_0p08_z_0p25_0p60_0p46_thr_2p82_9p78_4p33_cv_2p20
1704.60235286,0.1792451313,170.472436281,ns_3_t_14p50_18p34_0p68_phi_n0p64_n1p00_0p17_z_0p53_0p97_0p38_thr_3p08_3p63_4p21_cv_3p23
1715.82515192,-0.0553381877,202.592275209,ns_3_t_7p75_6p17_11p19_phi_0p79_n0p65_0p30_z_0p99_0p82_0p82_thr_8p97_5p57_3p41_cv_3p69
1727.85143685,-0.0815554757,222.953825351,ns_3_t_18p52_19p98_12p45_phi_0p37_0p26_n0p11_z_0p43_0p36_0p73_thr_6p06_8p69_3p66_cv_3p40
1738.54100204,-0.0318111804,176.581782254,ns_3_t_18p99_3p00_16p93_phi_0p90_n0p28_0p66_z_0p23_0p25_0p98_thr_5p69_3p83_2p89_cv_3p36
1750.55332184,0.2400109781,166.968175262,ns_3_t_16p38_16p72_3p85_phi_n0p22_n0p22_n0p39_z_0p28_0p47_0p55_thr_7p63_3p73_8p84_cv_3p28
1761.45391488,-0.3241918136,198.48694973,ns_3_t_3p63_1p95_3p15_phi_0p14_n0p96_0p60_z_0p82_0p63_0p26_thr_3p15_1p25_2p50_cv_1p40
1772.11453104,0.0008873759,86.2427503396,ns_3_t_0p37_0p95_4p19_phi_0p52_n0p53_n0p85_z_0p60_0p31_0p37_thr_8p06_1p37_7p54_cv_3p99
1783.93874788,-0.0102958184,153.502511463,ns_3_t_1p76_11p71_12p29_phi_0p86_0p35_n1p00_z_0p29_0p26_0p21_thr_5p40_2p25_1p81_cv_1p30
1795.880198,0.2506578807,134.915358936,ns_3_t_11p77_7p58_2p80_phi_n0p78_n0p27_0p55_z_0p51_0p35_0p90_thr_5p89_7p45_7p34_cv_2p79
1806.96796083,-0.0627080327,197.580338811,ns_3_t_15p65_0p37_6p79_phi_n0p90_0p61_0p53_z_0p38_0p80_0p85_thr_8p12_4p41_5p83_cv_1p16
1819.10176086,0.0894243448,143.995147744,ns_3_t_17p13_14p02_10p24_phi_n0p53_n0p50_0p83_z_0p42_0p97_0p30_thr_7p34_4p49_8p34_cv_3p09
1830.62573791,-0.0445505406,157.202234256,ns_3_t_3p52_11p51_12p19_phi_0p99_n0p79_n0p13_z_0p27_0p87_0p74_thr_5p15_3p58_4p18_cv_1p25
1841.31797695,0.3071251393,163.150592973,ns_3_t_8p67_10p84_7p55_phi_n0p41_0p89_n0p66_z_0p84_0p23_0p53_thr_3p92_8p80_3p04_cv_3p47
1852.15018702,0.1788371012,161.020136837,ns_3_t_6p02_15p19_15p29_phi_n0p46_0p11_0p41_z_0p56_0p41_0p80_thr_2p65_3p87_8p43_cv_3p04
1863.26756287,0.2368635393,223.455972904,ns_3_t_1p95_12p72_3p73_phi_n0p65_0p62_n0p63_z_0p24_0p48_0p55_thr_3p35_4p29_9p28_cv_1p76
1874.28970599,-0.2850759331,377.83956531,ns_3_t_1p27_18p57_0p61_phi_0p19_n0p85_0p37_z_0p73_0p67_0p54_thr_6p11_4p55_3p34_cv_1p64
1886.20911694,-0.0114775183,228.933786076,ns_3_t_7p41_10p94_16p67_phi_n0p01_n0p36_0p46_z_0p30_0p41_0p25_thr_4p56_9p57_1p24_cv_1p52
1898.31338882,-0.0848764241,214.961044197,ns_3_t_17p25_12p90_13p31_phi_0p32_0p01_0p08_z_0p60_0p99_0p76_thr_8p83_8p88_3p12_cv_3p59
1910.17197704,0.280498027,201.15953343,ns_3_t_17p10_0p83_12p77_phi_0p31_n0p33_n0p25_z_0p72_0p98_0p36_thr_6p48_5p40_8p74_cv_1p89
1921.95600486,-0.2284676217,421.442664397,ns_3_t_7p12_3p68_6p11_phi_0p93_0p24_0p73_z_0p97_0p65_0p68_thr_6p61_1p08_5p67_cv_1p87
1932.72533894,-0.2983254989,275.807499,ns_3_t_10p65_4p84_7p61_phi_n0p05_0p77_n0p37_z_0p58_0p61_0p89_thr_6p74_5p23_2p22_cv_3p25
1944.85449696,-0.1557353854,225.690834469,ns_3_t_13p92_15p47_16p30_phi_0p43_0p07_n0p36_z_0p27_0p34_0p89_thr_1p11_4p36_1p32_cv_1p13
1957.04238296,-0.2542347355,214.722348505,ns_3_t_15p50_15p89_13p17_phi_0p11_0p05_0p05_z_0p94_0p69_0p91_thr_9p81_2p03_6p33_cv_2p28
1968.33235383,-0.2549559452,214.366133247,ns_3_t_13p33_9p31_17p26_phi_0p71_0p51_n0p41_z_0p21_0p46_0p22_thr_8p99_8p74_6p16_cv_3p63
1978.986022,0.0067562143,154.937010441,ns_3_t_17p83_4p73_3p27_phi_0p51_0p09_n0p78_z_0p75_0p78_0p43_thr_7p84_6p90_5p74_cv_1p23
1991.03922105,-0.1996678304,198.050227161,ns_3_t_0p68_8p60_8p33_phi_0p95_0p02_0p77_z_0p33_0p32_0p77_thr_1p87_2p97_9p74_cv_3p93
2002.45506191,-0.1769497133,220.487423703,ns_3_t_13p40_13p92_7p05_phi_0p39_0p71_n0p70_z_0p67_0p70_0p86_thr_7p28_6p13_6p65_cv_1p45
2013.28598905,-0.2813117548,371.020559095,ns_3_t_18p66_8p23_17p47_phi_n0p95_0p40_0p25_z_0p85_0p52_0p94_thr_3p60_1p94_2p86_cv_1p48
2025.44125605,-0.093281883,155.104251845,ns_3_t_12p19_18p07_14p43_phi_0p56_n0p51_0p69_z_0p24_0p67_0p67_thr_4p70_1p76_7p71_cv_2p96
2037.34987998,0.1450414274,138.405346282,ns_3_t_16p88_17p24_14p89_phi_n0p75_n0p23_n0p86_z_0p50_0p83_0p42_thr_4p30_8p08_3p72_cv_2p90
2048.90443802,0.249582772,206.666440104,ns_3_t_18p89_3p48_5p39_phi_n0p17_n0p86_n0p83_z_0p52_0p85_0p36_thr_6p65_6p81_1p70_cv_1p95
2059.82919884,-0.1194544195,205.568868048,ns_3_t_1p65_15p52_9p58_phi_n0p92_0p72_0p27_z_0p68_0p94_0p99_thr_9p38_7p57_6p28_cv_3p11
2071.22402787,-0.3359155222,328.042230168,ns_3_t_12p85_16p49_6p29_phi_0p02_0p52_0p50_z_0p75_0p54_0p62_thr_4p33_6p38_5p88_cv_2p08
2083.29201198,-0.0906781526,206.009562444,ns_3_t_18p23_19p71_11p59_phi_0p36_0p42_n0p61_z_0p27_0p56_0p41_thr_4p48_6p22_9p52_cv_1p21
2094.409477,0.4206950381,299.93378725,ns_3_t_9p41_5p67_8p04_phi_n0p56_0p78_n0p69_z_0p52_0p56_0p74_thr_9p23_3p98_9p59_cv_2p68
2105.37320995,-0.2669261898,235.63257351,ns_3_t_9p76_16p61_15p58_phi_n0p02_0p23_0p19_z_0p85_0p22_0p23_thr_8p06_1p87_5p93_cv_1p19
2115.93926692,-0.3474576882,303.769633602,ns_3_t_2p94_2p28_19p23_phi_0p50_0p17_0p10_z_0p34_0p95_0p73_thr_5p75_6p43_6p02_cv_2p23
2126.90286803,0.4132134207,101.435396062,ns_3_t_9p31_1p33_12p96_phi_n0p97_0p28_n0p56_z_0p86_0p83_0p40_thr_2p37_5p90_1p35_cv_3p94
2137.71874094,-0.0267454805,239.801222258,ns_3_t_7p56_12p58_8p29_phi_n0p82_0p99_0p94_z_0p36_0p93_0p58_thr_5p99_8p25_3p88_cv_3p45
2148.86918497,0.0396648107,183.452298054,ns_3_t_13p56_16p03_10p40_phi_n0p17_n0p94_0p12_z_0p33_0p21_0p60_thr_8p80_9p63_3p69_cv_2p37
2159.52895093,-0.0824337196,197.853097054,ns_3_t_15p16_16p10_11p32_phi_n0p40_0p24_0p24_z_0p98_0p99_0p68_thr_5p93_2p74_8p36_cv_3p89
2170.57217789,-0.2173051731,264.095186399,ns_3_t_18p77_0p30_4p72_phi_0p43_0p52_n0p31_z_0p71_0p24_0p91_thr_5p59_8p40_2p63_cv_1p32
2181.77248597,-0.3615963729,354.036254001,ns_3_t_5p90_2p33_19p98_phi_0p39_0p39_0p17_z_0p87_0p44_0p94_thr_7p66_1p49_1p58_cv_2p05
2193.74523091,-0.2122735877,327.290969697,ns_3_t_13p60_9p27_2p09_phi_n0p98_0p90_0p75_z_0p95_0p45_0p83_thr_7p98_2p42_2p92_cv_2p14
2205.53776193,0.0032163542,147.89969364,ns_3_t_0p59_4p39_1p79_phi_0p92_n0p72_n0p09_z_0p77_0p42_0p60_thr_5p28_4p83_2p98_cv_1p07
2216.19143295,0.2160884239,245.73755343,ns_3_t_1p44_17p80_5p55_phi_n0p39_n0p05_0p63_z_0p39_0p21_0p45_thr_3p99_2p61_7p38_cv_2p00
2228.12899804,-0.0662457357,209.120922267,ns_3_t_4p48_2p43_11p49_phi_n0p71_n0p13_n0p48_z_0p92_0p79_0p58_thr_5p01_8p15_1p64_cv_1p86
2239.88297892,-0.2096730354,194.536697434,ns_3_t_5p11_7p68_1p27_phi_0p05_0p48_n0p40_z_0p81_0p26_0p21_thr_2p44_1p59_5p30_cv_2p53
2251.86262703,0.0006004892,186.249878385,ns_3_t_12p72_1p70_15p00_phi_n0p73_n0p49_n0p65_z_0p21_0p84_0p99_thr_3p21_7p33_1p08_cv_2p98
2263.35379386,0.0318355152,228.568142709,ns_3_t_7p02_12p37_10p92_phi_0p42_n0p61_0p06_z_0p35_0p21_0p66_thr_8p28_6p35_9p88_cv_2p87
2274.39660287,-0.0623639892,144.440705127,ns_3_t_16p13_9p47_17p88_phi_0p52_n0p91_n0p52_z_0p70_0p81_0p56_thr_2p62_5p77_5p82_cv_2p61
2285.69293785,-0.2010999745,198.478363601,ns_3_t_3p14_18p09_4p83_phi_0p17_0p16_0p91_z_0p88_0p78_0p63_thr_7p01_6p77_9p10_cv_2p69
2297.07973504,-0.0997129124,167.32877112,ns_3_t_14p33_8p31_1p33_phi_n0p38_0p80_n0p02_z_0p31_0p86_0p69_thr_5p18_9p31_4p35_cv_2p08
2308.40718889,-0.0213643257,90.7101581988,ns_3_t_15p24_13p14_19p18_phi_0p60_n0p52_n0p19_z_0p32_0p42_0p22_thr_3p52_9p92_2p16_cv_1p15
2320.24080992,-0.1870670481,332.294572271,ns_3_t_8p96_6p73_1p91_phi_n0p14_0p19_0p87_z_0p88_0p96_0p75_thr_4p22_1p85_9p70_cv_3p18
2332.29479003,0.1695785963,161.552118385,ns_3_t_15p59_4p06_3p00_phi_n0p45_n0p39_0p06_z_0p56_0p31_0p96_thr_7p56_3p95_3p94_cv_1p78
2344.28881788,-0.2248782838,157.214712761,ns_3_t_15p69_12p97_13p66_phi_n0p06_n0p41_0p33_z_0p76_0p64_0p84_thr_4p14_7p54_8p09_cv_1p39
2356.16509485,0.1985826661,159.687332769,ns_3_t_0p89_7p17_6p45_phi_0p83_n0p51_n0p96_z_0p25_0p75_0p29_thr_7p07_3p44_8p70_cv_2p91
2367.31860995,0.3261465596,126.833508785,ns_3_t_3p11_10p97_4p88_phi_n0p08_n0p94_n0p68_z_0p22_0p69_0p31_thr_4p91_8p74_7p50_cv_1p36
2378.42487884,-0.2385521722,193.026918733,ns_3_t_11p17_16p18_2p27_phi_0p68_0p67_0p36_z_0p35_0p45_0p68_thr_7p62_5p11_3p41_cv_2p66
2390.28454804,0.2377242136,174.38193852,ns_3_t_18p16_1p88_3p34_phi_n0p78_n0p21_n0p12_z_0p97_0p33_0p79_thr_3p56_1p93_7p05_cv_3p23
2402.22382283,-0.151748068,159.81927002,ns_3_t_8p13_13p46_15p06_phi_n0p09_0p85_0p99_z_0p71_0p30_0p79_thr_2p05_2p35_8p30_cv_2p58
2413.28721094,0.1067846904,190.967842167,ns_3_t_13p01_13p78_19p54_phi_n0p66_0p05_0p41_z_0p71_0p38_0p91_thr_9p68_8p45_4p71_cv_3p44
2425.22357702,-0.1535759291,315.227475854,ns_3_t_7p26_18p47_7p78_phi_0p64_0p47_n0p59_z_0p92_0p39_0p92_thr_1p20_9p96_1p03_cv_2p35
2437.06841588,0.3277520885,204.55610399,ns_3_t_7p82_4p48_10p64_phi_n0p58_n0p16_0p64_z_0p58_0p57_0p38_thr_6p52_9p41_2p36_cv_2p21
2448.27109694,0.2499017715,162.270793854,ns_3_t_3p44_9p76_15p18_phi_n0p10_0p01_0p74_z_0p64_0p37_0p34_thr_7p42_1p35_1p52_cv_3p66
2458.89045882,-0.4669300124,293.46153747,ns_3_t_1p41_8p01_8p82_phi_n0p51_0p83_n0p18_z_0p36_0p43_0p87_thr_7p52_9p00_7p77_cv_3p92
2470.90970588,0.1700058103,128.66701803,ns_3_t_5p99_17p86_9p31_phi_n0p19_n0p62_0p96_z_0p48_0p72_0p61_thr_4p75_3p79_4p95_cv_1p66
2481.7321589,-0.284958317,203.168603351,ns_3_t_8p99_18p71_1p94_phi_n0p97_n0p42_0p81_z_0p47_0p34_0p52_thr_4p94_6p97_2p10_cv_3p86
2492.93786287,0.2214803662,146.269170507,ns_3_t_5p02_2p61_16p85_phi_0p63_n0p48_0p89_z_0p66_0p43_0p88_thr_2p27_2p55_2p78_cv_2p26
2503.78654003,0.2126532212,189.068489012,ns_3_t_12p73_8p78_12p48_phi_n0p12_n0p16_n0p36_z_0p71_0p38_0p87_thr_2p73_6p62_7p61_cv_2p88
2514.44250393,-0.049438454,141.629195234,ns_3_t_17p93_13p64_2p60_phi_n0p60_0p28_0p76_z_0p41_0p79_0p54_thr_5p48_4p97_1p38_cv_1p42
2525.78714895,-0.1155388336,259.915638684,ns_3_t_3p80_8p51_5p93_phi_0p13_n0p37_n0p75_z_0p61_0p51_0p45_thr_5p52_9p16_6p60_cv_1p22
2536.81867003,-0.0758735028,225.388648419,ns_3_t_10p05_4p18_3p65_phi_0p67_n0p17_0p47_z_0p65_0p72_0p65_thr_3p46_9p99_5p05_cv_2p16
2548.65525985,0.0443067785,156.082882799,ns_3_t_5p15_11p59_13p88_phi_0p57_n0p73_0p56_z_0p90_0p50_0p94_thr_1p38_4p07_1p05_cv_2p07
2559.76606083,0.0155433609,153.668578231,ns_3_t_3p27_2p03_14p84_phi_n0p67_0p41_n0p81_z_0p52_0p77_0p24_thr_2p23_5p45_9p63_cv_1p61
2571.36638093,-0.1083854442,221.322840304,ns_3_t_12p28_9p68_3p99_phi_n0p63_0p37_0p30_z_0p34_0p50_0p95_thr_2p30_6p10_9p26_cv_2p30
2581.94218493,-0.0330271285,161.978011478,ns_3_t_13p79_14p79_14p00_phi_n0p72_0p86_n0p30_z_0p82_0p40_0p77_thr_3p17_8p31_2p39_cv_3p39
2593.05458903,0.0592489339,152.428513289,ns_3_t_9p60_8p35_0p42_phi_n0p33_n0p57_n0p80_z_0p47_0p62_0p45_thr_6p81_6p27_5p70_cv_1p09
2603.69082999,-0.0924012285,205.032552319,ns_3_t_9p98_4p43_10p80_phi_0p17_n0p30_0p93_z_0p76_0p84_0p90_thr_7p83_4p78_7p58_cv_3p28
2615.06764197,0.1210724567,196.671390303,ns_3_t_17p43_13p34_11p68_phi_n0p33_0p63_n0p22_z_0p28_0p48_0p86_thr_9p14_2p88_8p56_cv_1p67
2625.87529993,0.1835046002,135.34773472,ns_3_t_16p64_6p28_7p18_phi_0p19_0p46_n0p44_z_0p57_0p70_0p66_thr_3p25_9p22_9p36_cv_3p69
2637.43720889,0.0401104588,163.336640239,ns_3_t_10p83_8p41_12p35_phi_n0p44_0p82_0p43_z_0p69_0p49_0p63_thr_2p21_7p49_1p76_cv_1p10
2649.41412783,0.2081107364,181.678297472,ns_3_t_19p93_6p95_15p21_phi_n0p11_n0p26_n0p17_z_0p62_0p27_0p26_thr_8p50_6p18_5p47_cv_1p96
2660.63922286,0.3375892326,128.429789065,ns_3_t_16p51_6p58_6p24_phi_0p12_n0p36_0p22_z_0p99_0p62_0p71_thr_6p69_9p44_6p69_cv_3p61
2672.00378799,0.3025702345,222.517858226,ns_3_t_6p28_19p43_5p22_phi_n0p27_0p59_0p23_z_0p51_0p30_0p48_thr_6p84_2p38_9p03_cv_2p71
2683.90754485,-0.1559209299,216.493164784,ns_3_t_9p05_11p93_1p41_phi_0p65_0p06_0p50_z_0p33_0p48_0p92_thr_1p79_9p25_2p07_cv_3p73
2694.76162791,0.6323942394,93.9421367196,ns_3_t_4p02_2p19_10p29_phi_n0p68_0p12_n0p06_z_0p49_0p86_0p85_thr_4p62_7p42_2p29_cv_3p74
2705.66092205,-0.2955587904,181.347962316,ns_3_t_1p86_16p45_19p32_phi_0p44_0p20_n0p67_z_0p87_0p98_0p53_thr_8p96_2p21_4p51_cv_2p39
2717.61473083,-0.179226648,271.58223201,ns_3_t_2p51_5p74_17p30_phi_n0p69_0p22_n0p58_z_1p00_0p59_0p83_thr_9p47_2p07_4p14_cv_1p75
2729.737643,0.0206777926,144.301127467,ns_3_t_11p30_14p70_9p20_phi_n0p69_n0p90_0p51_z_0p54_0p88_0p26_thr_2p77_4p58_6p43_cv_3p83
2740.578861,-0.4222425009,270.444787554,ns_3_t_2p39_2p56_10p43_phi_0p50_n0p95_0p52_z_0p60_0p95_0p88_thr_2p16_8p59_6p87_cv_2p34
2751.49770093,-0.1606521119,300.957373331,ns_3_t_4p88_4p14_18p23_phi_0p46_0p15_n0p96_z_0p42_0p43_0p63_thr_8p62_2p69_1p15_cv_3p07
2762.97841883,-0.2330965513,228.171964043,ns_3_t_4p94_1p44_9p07_phi_0p06_n0p11_0p01_z_0p80_0p94_0p77_thr_8p23_4p21_8p45_cv_1p81
2773.53915095,0.40088353,200.581536245,ns_3_t_10p60_0p20_11p70_phi_n0p76_n0p04_n0p79_z_0p72_0p54_0p39_thr_6p78_9p59_6p67_cv_1p97
2784.22392297,-0.0091475385,194.11949305,ns_3_t_5p51_5p08_13p41_phi_n0p36_n0p88_0p96_z_0p79_0p70_0p47_thr_9p43_1p81_9p91_cv_1p24
2795.24406695,0.0799722823,185.762795854,ns_3_t_13p73_19p65_7p74_phi_n0p57_n0p04_n0p13_z_0p49_0p51_0p49_thr_1p25_7p89_3p58_cv_2p85
2807.23465991,0.1858169906,180.120109875,ns_3_t_10p36_1p55_5p34_phi_0p53_n0p49_0p04_z_0p52_0p29_0p83_thr_1p85_5p53_1p13_cv_2p37
