CC,L2orm,t1,t2,t3,p1,p2,p3,z1,z2,z3,thr1,thr2,thr3,cv
0.0127936294,181.572047925,15.39,3.98,9.16,0.22,0.99,0.23,0.59,0.52,0.25,6.02,6.19,6.2,1.06
-0.2271170705,288.603545284,18.82,2.13,16.13,0.23,0.79,0.68,0.4,0.79,0.48,1.1,1.27,3.29,3.37
-0.0657887747,177.080824824,6.62,3.77,18.1,0.5,0.33,0.51,0.95,0.77,0.8,9.63,3.36,8.03,3.19
0.3260292385,150.972343781,4.31,3.84,19.61,0.1,0.95,0.65,0.38,0.87,0.67,1.57,4.45,4.7,3.5
-0.3191123281,347.961581578,14.6,9.59,10.85,0.29,0.07,0.13,0.81,0.88,0.65,8.01,7.18,9.67,1.18
0.2299178728,158.592137223,16.96,14.61,6.35,0.2,0.8,0.33,0.95,0.67,0.35,9.54,8.54,5.15,3.43
0.2419653571,203.103096626,7.09,14.95,2.81,0.26,0.03,0.3,0.2,0.33,0.51,9.32,4.19,8.21,2.52
-0.1775456193,202.878248301,13.48,2.83,15.39,0.77,0.01,0.54,0.82,0.94,0.97,6.33,5.21,3.82,2.69
0.2983536502,144.005137992,17.28,5.18,0.4,0.59,0.54,0.58,0.63,0.37,0.95,8.6,4.86,2.45,2.85
0.224897588,161.962805164,19.17,13.95,9.77,0.37,0.84,0.42,0.21,0.29,0.57,4.09,9.74,1.97,2.03
0.2037233594,172.340137427,14.44,7.22,16.73,0.53,0.82,0.27,0.74,0.47,0.49,4.51,7.59,8.98,1.82
-0.1912291766,236.507099971,6.68,11.41,8.6,0.94,0.76,0.52,0.94,0.91,0.33,6.18,2.8,7.08,1.53
0.1495185423,157.270417681,7.48,15.21,15.85,0.07,0.97,0.3,0.68,0.46,0.21,5.09,1.13,8.99,2.95
-0.001750281,142.330477346,17.59,14.45,17.97,0.82,0.39,0.71,0.79,0.24,0.83,8.17,2.63,3.53,2.31
0.0310520364,148.123868461,7.88,6.69,3.41,0.06,0.77,0.72,0.96,0.62,0.96,4.2,7.28,7.68,1.44
0.0150751826,165.219384021,8.61,8.82,4.75,0.91,0.63,0.6,0.98,0.43,0.24,5.12,4.96,8.16,1.34
-0.1417892992,505.442054211,11.92,14.99,4.09,0.73,0.97,0.86,0.57,0.59,0.97,7.48,2.86,6.79,1.28
0.3528575734,189.625033634,2.57,14.39,17.13,0.83,0.09,0.11,0.26,0.34,0.95,7.19,1.15,8.9,1.74
-0.263003665,316.626451979,2.15,11.22,16.18,0.6,0.01,0.71,0.83,0.87,0.49,4.59,4.91,5.25,1.8
0.3359821966,173.109329441,3.42,14.16,15.71,0.62,0.59,0.65,0.49,0.47,0.56,5.04,5.28,3.79,3.16
0.2842878179,185.639979048,11.22,3.15,13.46,0.55,0.67,0.62,0.98,0.66,0.7,4.85,9.08,2.53,1.57
0.1331290939,162.036314144,10.13,5.24,12.07,0.29,0.34,0.83,0.89,0.67,0.59,2.56,6.45,7.82,2.41
0.2740282851,201.273940933,8.76,16.38,14.75,0.93,0.8,0.79,0.22,0.68,0.44,2,5.03,8.55,3.82
0.0732346245,185.120488317,18.33,7.89,5.05,0.81,0.85,0.47,0.91,0.83,0.7,6.43,4.81,7.3,2.72
0.1572165605,163.038272782,10.9,8.89,6.08,0.88,0.74,0.63,0.91,0.39,0.64,2.52,5.32,4.87,3.35
-0.2556186053,230.875466021,14.68,3.32,18.02,0.04,0.32,0.2,0.5,0.66,0.27,2.99,8.82,3.05,1.78
0.056096699,177.685231688,6.94,17.4,13.98,0.35,0.67,0.99,0.96,0.68,0.46,2.5,9.84,5.97,3.06
-0.1392919213,290.119770673,8.41,4.97,4.35,0.48,0.77,0.1,0.97,0.95,0.91,9.99,6.99,3.37,2.1
-0.2601227041,281.965348743,14.11,8.09,17.66,0.54,0.44,0.89,0.84,0.63,0.62,1.67,5.49,7.9,2.29
-0.0912931616,181.921910033,15.04,12.8,14.11,0.04,0.68,0.25,0.66,0.77,0.75,6.97,2.93,8.19,3.21
-0.1086876215,189.563303158,16.02,19.45,8.96,0.91,0.78,0.15,0.91,0.84,0.75,8.24,3.88,6.49,3.55
0.2912355872,160.153125011,19.57,0.42,1.02,0.84,0.5,0.26,0.77,0.93,0.53,5.67,2.13,7.16,3.11
-0.1496823108,159.203898363,0.5,10.7,12.69,0.37,0.32,0.94,0.9,0.9,0.59,1.44,3.6,1.74,3.33
-0.0920663533,455.936540356,13.23,19.17,4.07,0.96,0.26,0.79,0.93,0.47,0.56,3.54,7.78,6.39,1.04
-0.2150756867,321.766381697,18.07,10.41,11.36,0.47,0.45,0.91,0.5,0.91,0.48,6.27,2.52,9.32,1.66
-0.417481826,371.646200935,2.71,0.03,17.4,0.28,0.65,0.93,0.68,0.89,0.61,3.85,8.63,4.6,1.31
-0.1525820451,246.173735467,18.6,5.48,13.81,0.54,0.71,0.39,0.48,0.71,0.51,3.43,4.65,8.66,3.78
0.2166645119,207.838670454,19.86,10.21,8.24,0.27,0.71,0.35,0.29,0.55,0.5,9.39,8.09,9.42,2.47
0.1514811625,182.318778947,2.27,7.39,18.99,0.85,0.74,0.09,0.73,0.8,0.32,4.36,6.53,3.5,2.48
-0.1584103674,205.034422897,3.36,11.31,11.24,0.81,0.69,0.92,0.3,0.75,0.78,2.46,9.65,1.21,1.61
0.260261822,185.954962202,17.85,5.57,1.55,0.4,0.92,0.38,0.57,0.98,0.6,8.69,4.7,4.98,3.39
0.0273589457,170.067874989,16.17,3.53,18.94,0.15,0.19,0.68,0.53,0.96,0.46,4.78,3.07,5.18,2.93
0.3749331734,215.23528612,8.02,7.04,4.46,0.86,0.75,0.45,0.22,0.27,0.81,9.72,5.39,2.41,2.62
-0.1069359309,350.701856753,4.16,10,16.43,0.83,0.45,0.62,0.62,0.9,0.71,3.3,1.71,5.14,2.14
0.0086497623,354.346285922,2.41,9.13,14.65,0.33,0.3,0.33,0.39,0.89,0.23,2.14,1.06,3.25,1.73
0.103228094,158.292116073,14.8,10.12,6.55,0.46,0.18,0.03,0.26,0.58,0.8,2.92,7.82,6.11,2.81
-0.0085382018,143.712074949,9.87,9.39,15.95,0.85,0.43,0.71,0.86,0.81,0.37,3.3,6.04,4.05,3.26
0.0182547279,186.839333387,4.35,2.93,0.07,0.26,0.08,0.47,0.4,0.49,0.69,4.03,4.1,8.24,3.3
-0.3588418583,235.425476749,15.03,6.83,19.79,0.64,0.27,0.46,0.81,0.96,0.99,6.38,1.32,7.77,2.5
0.0543669467,170.085770624,3,15.34,18.62,0.94,0.02,0.5,0.22,0.4,0.97,5.74,8.96,5.55,2.74
0.0215448082,185.233365325,5.29,7.82,6.62,0.79,0.13,0.02,0.86,0.88,0.71,8.13,3,7.2,3.14
0.5320295786,104.467725307,12.94,1.46,5.67,0.79,0.06,0.97,0.88,0.54,0.85,8.64,7.95,6.3,3.95
-0.1689321058,251.799361288,1.18,0.97,7.32,0.23,0.03,0.35,0.78,0.41,0.64,3.71,1.41,2.71,1.83
-0.262362421,199.055552087,11.66,1.77,3.76,0.01,0.98,0.38,0.84,0.42,0.58,5.37,3.52,3.77,2.74
-0.0930893193,169.160719145,17.7,17.05,8.98,0.18,0.88,0.67,0.48,0.92,0.82,9.18,9.51,3.96,2.46
0.1366494898,239.667112597,16.3,17.65,13.11,0.59,0.68,0.98,0.23,0.73,0.76,8.33,5.33,6.58,2.18
0.1294759881,170.892478605,16.58,12.47,7.87,0.18,0.34,0.24,0.46,0.68,0.25,5.8,1.65,6.13,3.87
-0.1276683793,176.278003548,14.76,15.43,18.84,0.3,0.31,0.89,0.92,0.58,0.93,1.65,1.21,9.78,1.32
-0.3749742978,260.9033281,5.22,17.93,9.65,0.66,0.59,0.97,0.44,0.38,0.81,4.99,3.17,4.77,2.83
-0.3037774158,230.883635821,3.94,12.54,15.51,0.72,0.87,0.76,0.41,1,0.33,9.13,3.32,6.04,1.9
-0.1598928104,176.983442907,9.71,17.03,6.86,0.68,0.82,0.87,0.59,0.27,0.23,9.59,2.16,8.4,3.67
0.2699439914,156.939926632,0.29,9.68,13.6,0.99,0.69,0.13,0.77,0.57,0.28,7.15,5.97,2.97,3.12
0.0844020961,162.435964066,12.55,5.3,0.78,0.9,0.43,0.45,1,0.23,0.51,3.74,6.68,5.61,1.37
-0.0014108644,146.128740786,19.4,17.32,12.13,0.72,0.57,0.57,0.35,0.44,0.35,7.46,9.68,4.41,1.05
-0.1050518569,237.993239553,17.48,6.43,1.45,0.23,0.96,0.54,0.51,0.25,0.28,5.54,1.55,9.19,3.52
-0.0581584899,190.847112402,6.33,11.89,7.92,0.45,0.75,0.02,0.69,0.64,0.35,5.44,4.35,4.84,2.63
0.139816774,212.978690362,10.5,8.71,16.64,0.07,0.14,0.45,0.62,0.24,0.34,1.16,6.57,2.23,2.11
-0.1253977934,216.312423285,16.4,18.92,5.01,0.72,0.1,0.14,0.96,0.9,0.39,6.35,9.82,1.68,2.78
0.1786848044,164.237014811,1.73,12.83,12.62,0.28,0.89,0.2,0.65,0.58,0.44,8.47,2.49,1.87,2.16
-0.0614629967,235.990354032,9.13,17.14,5.52,0.45,0.57,0.55,0.74,0.29,0.42,2.95,7.02,7.33,1.59
0.1603765876,152.85196578,19.05,16.85,18.76,0.52,0.44,0.61,0.37,0.71,0.29,5.61,5.85,3.62,3.8
0.3867780853,301.862707322,12.09,19.24,7.4,0.84,0.83,0.76,0.25,0.73,0.78,6.56,5.58,5.46,2.64
0.0667976238,182.089182049,4.78,10.57,7.22,0.87,0.6,0.57,0.3,0.76,0.8,1.8,8.02,5.51,2.75
-0.3309469281,244.700877956,0.82,6.4,18.48,0.59,0.55,0.86,0.53,0.33,0.78,9.9,6.71,1.84,3.56
-0.3614332636,310.825572758,1.55,15.64,1.73,0.58,0.81,0.64,0.44,0.4,0.89,8.37,4.74,1.4,2.77
-0.0977264257,201.327122407,19.82,9.95,18.37,0.47,0.29,0.79,0.54,0.37,0.31,7.32,1.46,9.46,3.52
0.0686199233,155.760565999,14.03,4.62,2.49,0.76,0.19,0.15,0.59,0.63,0.43,4.43,7.15,9.14,3.98
0.1787019957,163.99313914,0.96,10.36,2.72,0.49,0.24,0.04,0.43,0.61,0.61,1.03,5.07,4.09,3.63
-0.2850199821,279.524807982,10.72,13.24,14.61,0.32,0.07,0.06,0.69,0.51,0.69,8.42,6.86,6.91,1.12
-0.0073021922,232.874849984,4.58,4.32,5.69,0.49,0.68,0.15,0.7,0.82,0.45,2.75,8.36,1.93,2.22
-0.1456809183,157.319001286,9.26,14.81,19.47,0.16,0.93,0.99,0.8,0.74,0.24,7.9,7.67,5.09,2.5
0.0410338017,304.487571441,11.46,17.47,7,0.3,0.35,0.42,0.41,0.3,0.36,4.11,7.86,2.57,1.92
0.2382124844,150.59304568,12.01,9.03,5.87,0.16,0.73,0.74,0.89,0.22,0.65,5.35,9.36,7.09,3.72
-0.0809227055,206.822976324,0.11,3.1,0.29,0.99,0.91,0.28,0.66,0.52,0.87,7.74,6.92,8.62,3.97
-0.1982206927,206.097124323,16.96,0.77,7.5,0.08,0.66,0.2,0.32,0.82,0.93,1.27,9.34,8.92,3.86
0.0289000583,186.361512454,9.67,11.05,8.72,0.89,0.43,0.19,0.89,0.85,0.72,7.16,8.62,9.55,3.16
0.0468041863,180.686531627,15.81,1.16,9.41,0.42,0.32,0.53,0.94,0.26,0.5,3.11,2.11,7.87,2.43
-0.0360126599,194.553187774,15.31,5.38,13.24,0.31,0.08,0.43,0.67,0.74,0.29,5.26,5.96,4.54,1.27
0.393001078,160.852863821,11.05,10.5,0.89,0.99,0.15,0.46,0.37,0.97,0.27,3.97,7.93,1.57,1.47
-0.2236703591,340.289039533,19.25,19.8,14.4,0.41,0.53,0.72,0.31,0.66,0.21,2.85,9.2,2.82,2.89
0.2324049387,172.100523548,18.27,7.99,8.78,0.4,0.4,0.98,0.65,0.56,0.28,2.04,8.49,4.44,2
-0.2018942897,196.365019058,0.01,10.76,15.81,0.9,0.29,0.21,0.39,0.93,0.2,4.26,7.73,8.72,1.49
-0.1036707724,150.432109906,11.52,17.71,9.75,0.01,0.25,0.93,0.72,0.53,0.7,1.72,9.13,2.73,2.55
-0.0472309644,151.343861101,5.81,2.71,16.49,0.13,0.89,0.01,0.76,0.6,0.39,3.68,8.51,5.59,1.35
0.3700388984,208.058675069,6.17,9.11,17.69,0.74,0.86,0.82,0.46,0.92,0.42,6.67,6.04,3.19,3
0.113085945,188.840642259,1.36,6.05,18.52,0.34,0.58,0.35,0.24,0.54,0.73,1.61,1.66,7.92,2.32
0.5016340892,204.217956368,10.47,15.09,0.49,0.24,0.98,0.85,0.35,0.45,0.98,5.93,8.22,6.81,2.26
-0.0156003809,141.007877607,11.04,2.72,14.27,0.84,0.85,0.34,0.94,0.71,0.81,4.4,7.73,6.95,1.63
-0.3736809176,319.330988147,13.11,0.11,18.68,0.21,0.35,0.33,0.46,1,0.79,4.73,6.73,6.25,1.56
-0.1783201448,272.901764032,11.9,10.25,0.2,0.93,0.88,0.14,0.73,0.76,0.88,3.84,2.33,6.53,1.69
0.4368395846,128.463892262,7.99,7.51,19.05,0.27,0.64,0.09,0.9,0.36,0.9,6.13,8.89,7.46,3.76
0.0355510063,170.965352757,0.74,6.49,0.83,0.36,0.18,0.91,0.67,0.99,0.64,6.25,3.1,6.88,1.03
-0.3867304411,191.438146559,7.3,14.24,2.38,0.74,0.61,0.7,0.58,0.39,0.31,7.8,5.64,5.95,3.84
0.0877322848,168.614014204,19.49,19.1,10.98,0.65,0.12,0.15,0.36,0.37,0.5,2.66,2.48,4.27,3.47
-0.2548545817,248.325201551,8.86,12.14,5.8,0.75,0.21,0.29,0.29,0.81,0.55,8.74,7.41,7.98,1.71
0.2355765318,171.568507806,9.5,9.85,6.95,0.03,0.43,0.28,0.56,0.23,0.57,6.21,7.25,4.66,3.77
-0.0037430943,153.704271175,12.41,13.53,1.61,0.82,0.06,0.92,0.54,0.23,0.52,9.87,7.35,4.13,3.7
0.2250553784,148.91088206,11.76,11.63,8.53,0.2,0.2,0.88,0.31,0.2,0.67,1.5,1.02,6.75,3.6
-0.2261861437,286.416866407,16.77,18.98,10,0.12,0.56,0.69,0.74,0.8,0.69,9.66,3.69,9.85,2.42
-0.0744053129,202.537449456,0.47,18.31,14.21,0.26,0.38,0.18,0.75,0.7,0.38,1.3,8.3,3.89,3.41
0.0244219548,175.084738895,15.96,15.8,4.52,0.77,0.14,0.21,0.79,0.64,0.61,7.37,5.1,8.51,1.98
0.3151410292,118.56084285,2.06,13.41,8.09,0.14,0.92,0.08,0.44,0.55,0.26,9.3,3.47,9.94,3.78
-0.2145843569,185.885503236,5.73,5.76,11.88,0,0.65,0.59,0.45,0.28,0.84,6.89,9.87,3.11,3.2
-0.2496754987,346.344917225,8.17,0.59,10.09,0.89,0.38,0.45,0.43,0.44,0.72,7.09,2,7.15,1.92
-0.2560170302,164.903616618,3.89,5.93,11.8,0.88,0.92,0.17,0.61,0.27,1,3.05,8,8.85,3.31
0.2614457638,152.749446487,6.51,14.11,16.04,0.54,0.55,0.9,0.8,0.28,0.41,1.95,1.75,5.37,3.54
-0.1480036976,211.947780391,3.73,1.12,1.09,0.69,0.24,0.87,0.38,0.93,0.47,7.25,3.26,3.99,2.12
0.0002587706,146.222084883,5.37,17.58,17.56,0.05,0.7,0.95,0.85,0.72,0.43,2.34,3.05,1.94,1.02
0.254860586,280.275481075,10.32,11.15,3.05,0.98,0.83,0.55,0.63,0.34,0.53,8.71,4.15,9.99,1.55
-0.2097271644,335.735849611,2.23,18.84,10.48,0.78,0.66,0.25,0.77,0.57,0.76,6.98,4.05,9.14,2.81
0.3946748334,259.633070626,8.3,4.89,18.32,0.62,0.8,0.84,0.85,0.6,0.86,1.05,5.66,4.79,3.89
-0.0156214162,192.113335232,7.6,16.28,17.83,0.13,0.92,0.06,0.26,0.51,0.39,4.84,5.73,4.28,1.48
0.3503074334,251.831628628,14.2,5.85,10.04,0.48,0.75,0.8,0.55,0.53,0.73,3.41,4.52,2.14,2.57
-0.1303089578,261.429791611,6.09,0.68,17.05,0.7,0.98,0.52,0.99,0.5,0.32,8.9,3.52,2.66,3.57
-0.1757749226,221.100602502,14.9,18.77,8.45,0.38,0.5,0.34,0.64,0.58,0.72,5.85,2.79,5.35,1.19
-0.0879282489,273.905845713,12.6,18.2,2.02,0.56,0.47,0.4,0.6,0.79,0.92,7.93,3.22,7.63,2.24
-0.2036365749,221.114004477,1.07,3.69,19.41,0.88,0.12,0.04,0.42,0.61,0.54,1.35,3.99,6.47,1.51
-0.094916015,371.239571714,19.3,13.1,3.56,0.7,0.95,0.95,0.29,0.89,0.57,3.78,7.21,5.41,2.92
-0.2525148307,226.630408678,8.56,19.53,2.22,0.97,0.31,0.49,0.45,0.91,0.34,9.07,5.14,4.91,2.01
-0.1237458354,140.758124629,19.7,14.52,9.44,0.61,0.7,0.78,0.83,0.76,0.3,9.51,4.26,7.98,3.65
-0.0714784616,195.696491069,4.45,12.19,12.96,0.43,0.17,0.77,0.82,0.85,0.66,2.89,9.49,2.59,2.39
-0.2830232578,177.653413053,2.78,7.65,4.27,0.21,0.55,0.9,0.78,0.83,0.59,1.51,5.79,7.44,3.49
0.349818753,163.995423227,4.65,6.08,16.98,0.04,0.77,0.26,0.47,0.49,0.76,8.53,6.29,9.81,3.02
0.087049084,205.722290892,5.6,12.31,0.14,0.03,0.58,0.01,0.93,0.32,0.42,1.73,6.61,5.76,2.45
0.2052458694,233.796416437,11.43,16.91,10.69,0.76,0.31,0.73,0.25,0.36,0.85,8.86,8.95,1.26,2.04
-0.0337055464,222.872300499,13.93,15.73,14.56,0.96,0.48,0.43,0.45,0.25,0.4,2.09,2.71,2.3,3.34
-0.1722487296,262.220602641,19.67,7.34,11.98,0.24,0.41,0.4,0.55,0.91,0.96,8.4,3.38,9.49,1.84
0.1780092103,188.633473271,4.19,3.23,5.15,0.34,0.94,0.32,0.68,0.31,0.4,6.94,7.06,1.46,2.59
0.2031371131,163.994485185,13.17,15.99,3.5,0.24,0.27,0.61,0.32,0.65,0.62,4.65,8.18,2.03,2.56
0.0592057192,196.433607893,5.65,3.38,2.4,0.25,0.46,0.75,0.33,0.76,0.41,9.95,3.3,5.01,1.58
-0.0977450542,168.174467638,14.25,11.83,12.84,0.8,0.03,0.84,0.64,0.75,0.33,9.82,7.62,3.47,3
-0.2665334582,244.023880885,0.17,18.51,4.56,0.31,0.57,0.49,0.23,0.61,0.22,7.72,9.06,4.59,3.91
-0.1168289107,250.233383906,15.9,12.07,9.88,0.57,0.2,0.28,0.55,0.35,0.51,1.41,6.51,8.8,3.04
-0.2267633972,177.081013383,17.65,19.33,15.66,0.09,0.1,0.31,0.87,0.22,1,3.64,3.14,7.25,1.01
-0.2167745043,156.245929709,6.83,4.64,6.67,0.79,0.36,0.88,0.63,0.73,0.3,1.93,5.71,1.47,1.71
-0.353065732,243.808219088,2.82,16.76,2.93,0.2,0.54,0.57,0.78,0.74,0.36,3.88,1.52,3.21,2.65
0.0054719362,169.99304015,12.33,13.73,1.17,0.28,0.97,0.72,0.91,0.32,0.28,9.03,7.09,8.1,2.98
0.0043673921,180.443532065,6.8,19.91,13.74,0.96,0.63,0.01,0.4,0.55,0.47,9.28,3.76,4.48,1.13
0.0211249359,313.027480371,10.23,1.67,19.86,0.35,0.61,0.6,0.44,0.65,0.98,6.45,4.62,9.22,1.42
0.1251409183,228.623084234,18.41,1.24,11.05,0.09,0.72,0.05,0.61,0.3,0.32,5.23,2.28,5.25,1.88
0.3057636373,186.237615072,8.39,0.5,16.32,0.62,0.64,0.82,0.38,0.86,0.93,9.77,5.89,6.98,3.08
0.1894696262,154.442256003,6.46,7.07,19.74,0.87,0.12,0.08,0.25,0.6,0.46,2.82,9.78,4.33,2.2
0.1792451313,170.472436281,14.5,18.34,0.68,0.64,1,0.17,0.53,0.97,0.38,3.08,3.63,4.21,3.23
-0.0553381877,202.592275209,7.75,6.17,11.19,0.79,0.65,0.3,0.99,0.82,0.82,8.97,5.57,3.41,3.69
-0.0815554757,222.953825351,18.52,19.98,12.45,0.37,0.26,0.11,0.43,0.36,0.73,6.06,8.69,3.66,3.4
-0.0318111804,176.581782254,18.99,3,16.93,0.9,0.28,0.66,0.23,0.25,0.98,5.69,3.83,2.89,3.36
0.2400109781,166.968175262,16.38,16.72,3.85,0.22,0.22,0.39,0.28,0.47,0.55,7.63,3.73,8.84,3.28
-0.3241918136,198.48694973,3.63,1.95,3.15,0.14,0.96,0.6,0.82,0.63,0.26,3.15,1.25,2.5,1.4
0.0008873759,86.2427503396,0.37,0.95,4.19,0.52,0.53,0.85,0.6,0.31,0.37,8.06,1.37,7.54,3.99
-0.0102958184,153.502511463,1.76,11.71,12.29,0.86,0.35,1,0.29,0.26,0.21,5.4,2.25,1.81,1.3
0.2506578807,134.915358936,11.77,7.58,2.8,0.78,0.27,0.55,0.51,0.35,0.9,5.89,7.45,7.34,2.79
-0.0627080327,197.580338811,15.65,0.37,6.79,0.9,0.61,0.53,0.38,0.8,0.85,8.12,4.41,5.83,1.16
0.0894243448,143.995147744,17.13,14.02,10.24,0.53,0.5,0.83,0.42,0.97,0.3,7.34,4.49,8.34,3.09
-0.0445505406,157.202234256,3.52,11.51,12.19,0.99,0.79,0.13,0.27,0.87,0.74,5.15,3.58,4.18,1.25
0.3071251393,163.150592973,8.67,10.84,7.55,0.41,0.89,0.66,0.84,0.23,0.53,3.92,8.8,3.04,3.47
0.1788371012,161.020136837,6.02,15.19,15.29,0.46,0.11,0.41,0.56,0.41,0.8,2.65,3.87,8.43,3.04
0.2368635393,223.455972904,1.95,12.72,3.73,0.65,0.62,0.63,0.24,0.48,0.55,3.35,4.29,9.28,1.76
-0.2850759331,377.83956531,1.27,18.57,0.61,0.19,0.85,0.37,0.73,0.67,0.54,6.11,4.55,3.34,1.64
-0.0114775183,228.933786076,7.41,10.94,16.67,0.01,0.36,0.46,0.3,0.41,0.25,4.56,9.57,1.24,1.52
-0.0848764241,214.961044197,17.25,12.9,13.31,0.32,0.01,0.08,0.6,0.99,0.76,8.83,8.88,3.12,3.59
0.280498027,201.15953343,17.1,0.83,12.77,0.31,0.33,0.25,0.72,0.98,0.36,6.48,5.4,8.74,1.89
-0.2284676217,421.442664397,7.12,3.68,6.11,0.93,0.24,0.73,0.97,0.65,0.68,6.61,1.08,5.67,1.87
-0.2983254989,275.807499,10.65,4.84,7.61,0.05,0.77,0.37,0.58,0.61,0.89,6.74,5.23,2.22,3.25
-0.1557353854,225.690834469,13.92,15.47,16.3,0.43,0.07,0.36,0.27,0.34,0.89,1.11,4.36,1.32,1.13
-0.2542347355,214.722348505,15.5,15.89,13.17,0.11,0.05,0.05,0.94,0.69,0.91,9.81,2.03,6.33,2.28
-0.2549559452,214.366133247,13.33,9.31,17.26,0.71,0.51,0.41,0.21,0.46,0.22,8.99,8.74,6.16,3.63
0.0067562143,154.937010441,17.83,4.73,3.27,0.51,0.09,0.78,0.75,0.78,0.43,7.84,6.9,5.74,1.23
-0.1996678304,198.050227161,0.68,8.6,8.33,0.95,0.02,0.77,0.33,0.32,0.77,1.87,2.97,9.74,3.93
-0.1769497133,220.487423703,13.4,13.92,7.05,0.39,0.71,0.7,0.67,0.7,0.86,7.28,6.13,6.65,1.45
-0.2813117548,371.020559095,18.66,8.23,17.47,0.95,0.4,0.25,0.85,0.52,0.94,3.6,1.94,2.86,1.48
-0.093281883,155.104251845,12.19,18.07,14.43,0.56,0.51,0.69,0.24,0.67,0.67,4.7,1.76,7.71,2.96
0.1450414274,138.405346282,16.88,17.24,14.89,0.75,0.23,0.86,0.5,0.83,0.42,4.3,8.08,3.72,2.9
0.249582772,206.666440104,18.89,3.48,5.39,0.17,0.86,0.83,0.52,0.85,0.36,6.65,6.81,1.7,1.95
-0.1194544195,205.568868048,1.65,15.52,9.58,0.92,0.72,0.27,0.68,0.94,0.99,9.38,7.57,6.28,3.11
-0.3359155222,328.042230168,12.85,16.49,6.29,0.02,0.52,0.5,0.75,0.54,0.62,4.33,6.38,5.88,2.08
-0.0906781526,206.009562444,18.23,19.71,11.59,0.36,0.42,0.61,0.27,0.56,0.41,4.48,6.22,9.52,1.21
0.4206950381,299.93378725,9.41,5.67,8.04,0.56,0.78,0.69,0.52,0.56,0.74,9.23,3.98,9.59,2.68
-0.2669261898,235.63257351,9.76,16.61,15.58,0.02,0.23,0.19,0.85,0.22,0.23,8.06,1.87,5.93,1.19
-0.3474576882,303.769633602,2.94,2.28,19.23,0.5,0.17,0.1,0.34,0.95,0.73,5.75,6.43,6.02,2.23
0.4132134207,101.435396062,9.31,1.33,12.96,0.97,0.28,0.56,0.86,0.83,0.4,2.37,5.9,1.35,3.94
-0.0267454805,239.801222258,7.56,12.58,8.29,0.82,0.99,0.94,0.36,0.93,0.58,5.99,8.25,3.88,3.45
0.0396648107,183.452298054,13.56,16.03,10.4,0.17,0.94,0.12,0.33,0.21,0.6,8.8,9.63,3.69,2.37
-0.0824337196,197.853097054,15.16,16.1,11.32,0.4,0.24,0.24,0.98,0.99,0.68,5.93,2.74,8.36,3.89
-0.2173051731,264.095186399,18.77,0.3,4.72,0.43,0.52,0.31,0.71,0.24,0.91,5.59,8.4,2.63,1.32
-0.3615963729,354.036254001,5.9,2.33,19.98,0.39,0.39,0.17,0.87,0.44,0.94,7.66,1.49,1.58,2.05
-0.2122735877,327.290969697,13.6,9.27,2.09,0.98,0.9,0.75,0.95,0.45,0.83,7.98,2.42,2.92,2.14
0.0032163542,147.89969364,0.59,4.39,1.79,0.92,0.72,0.09,0.77,0.42,0.6,5.28,4.83,2.98,1.07
0.2160884239,245.73755343,1.44,17.8,5.55,0.39,0.05,0.63,0.39,0.21,0.45,3.99,2.61,7.38,2
-0.0662457357,209.120922267,4.48,2.43,11.49,0.71,0.13,0.48,0.92,0.79,0.58,5.01,8.15,1.64,1.86
-0.2096730354,194.536697434,5.11,7.68,1.27,0.05,0.48,0.4,0.81,0.26,0.21,2.44,1.59,5.3,2.53
0.0006004892,186.249878385,12.72,1.7,15,0.73,0.49,0.65,0.21,0.84,0.99,3.21,7.33,1.08,2.98
0.0318355152,228.568142709,7.02,12.37,10.92,0.42,0.61,0.06,0.35,0.21,0.66,8.28,6.35,9.88,2.87
-0.0623639892,144.440705127,16.13,9.47,17.88,0.52,0.91,0.52,0.7,0.81,0.56,2.62,5.77,5.82,2.61
-0.2010999745,198.478363601,3.14,18.09,4.83,0.17,0.16,0.91,0.88,0.78,0.63,7.01,6.77,9.1,2.69
-0.0997129124,167.32877112,14.33,8.31,1.33,0.38,0.8,0.02,0.31,0.86,0.69,5.18,9.31,4.35,2.08
-0.0213643257,90.7101581988,15.24,13.14,19.18,0.6,0.52,0.19,0.32,0.42,0.22,3.52,9.92,2.16,1.15
-0.1870670481,332.294572271,8.96,6.73,1.91,0.14,0.19,0.87,0.88,0.96,0.75,4.22,1.85,9.7,3.18
0.1695785963,161.552118385,15.59,4.06,3,0.45,0.39,0.06,0.56,0.31,0.96,7.56,3.95,3.94,1.78
-0.2248782838,157.214712761,15.69,12.97,13.66,0.06,0.41,0.33,0.76,0.64,0.84,4.14,7.54,8.09,1.39
0.1985826661,159.687332769,0.89,7.17,6.45,0.83,0.51,0.96,0.25,0.75,0.29,7.07,3.44,8.7,2.91
0.3261465596,126.833508785,3.11,10.97,4.88,0.08,0.94,0.68,0.22,0.69,0.31,4.91,8.74,7.5,1.36
-0.2385521722,193.026918733,11.17,16.18,2.27,0.68,0.67,0.36,0.35,0.45,0.68,7.62,5.11,3.41,2.66
0.2377242136,174.38193852,18.16,1.88,3.34,0.78,0.21,0.12,0.97,0.33,0.79,3.56,1.93,7.05,3.23
-0.151748068,159.81927002,8.13,13.46,15.06,0.09,0.85,0.99,0.71,0.3,0.79,2.05,2.35,8.3,2.58
0.1067846904,190.967842167,13.01,13.78,19.54,0.66,0.05,0.41,0.71,0.38,0.91,9.68,8.45,4.71,3.44
-0.1535759291,315.227475854,7.26,18.47,7.78,0.64,0.47,0.59,0.92,0.39,0.92,1.2,9.96,1.03,2.35
0.3277520885,204.55610399,7.82,4.48,10.64,0.58,0.16,0.64,0.58,0.57,0.38,6.52,9.41,2.36,2.21
0.2499017715,162.270793854,3.44,9.76,15.18,0.1,0.01,0.74,0.64,0.37,0.34,7.42,1.35,1.52,3.66
-0.4669300124,293.46153747,1.41,8.01,8.82,0.51,0.83,0.18,0.36,0.43,0.87,7.52,9,7.77,3.92
0.1700058103,128.66701803,5.99,17.86,9.31,0.19,0.62,0.96,0.48,0.72,0.61,4.75,3.79,4.95,1.66
-0.284958317,203.168603351,8.99,18.71,1.94,0.97,0.42,0.81,0.47,0.34,0.52,4.94,6.97,2.1,3.86
0.2214803662,146.269170507,5.02,2.61,16.85,0.63,0.48,0.89,0.66,0.43,0.88,2.27,2.55,2.78,2.26
0.2126532212,189.068489012,12.73,8.78,12.48,0.12,0.16,0.36,0.71,0.38,0.87,2.73,6.62,7.61,2.88
-0.049438454,141.629195234,17.93,13.64,2.6,0.6,0.28,0.76,0.41,0.79,0.54,5.48,4.97,1.38,1.42
-0.1155388336,259.915638684,3.8,8.51,5.93,0.13,0.37,0.75,0.61,0.51,0.45,5.52,9.16,6.6,1.22
-0.0758735028,225.388648419,10.05,4.18,3.65,0.67,0.17,0.47,0.65,0.72,0.65,3.46,9.99,5.05,2.16
0.0443067785,156.082882799,5.15,11.59,13.88,0.57,0.73,0.56,0.9,0.5,0.94,1.38,4.07,1.05,2.07
0.0155433609,153.668578231,3.27,2.03,14.84,0.67,0.41,0.81,0.52,0.77,0.24,2.23,5.45,9.63,1.61
-0.1083854442,221.322840304,12.28,9.68,3.99,0.63,0.37,0.3,0.34,0.5,0.95,2.3,6.1,9.26,2.3
-0.0330271285,161.978011478,13.79,14.79,14,0.72,0.86,0.3,0.82,0.4,0.77,3.17,8.31,2.39,3.39
0.0592489339,152.428513289,9.6,8.35,0.42,0.33,0.57,0.8,0.47,0.62,0.45,6.81,6.27,5.7,1.09
-0.0924012285,205.032552319,9.98,4.43,10.8,0.17,0.3,0.93,0.76,0.84,0.9,7.83,4.78,7.58,3.28
0.1210724567,196.671390303,17.43,13.34,11.68,0.33,0.63,0.22,0.28,0.48,0.86,9.14,2.88,8.56,1.67
0.1835046002,135.34773472,16.64,6.28,7.18,0.19,0.46,0.44,0.57,0.7,0.66,3.25,9.22,9.36,3.69
0.0401104588,163.336640239,10.83,8.41,12.35,0.44,0.82,0.43,0.69,0.49,0.63,2.21,7.49,1.76,1.1
0.2081107364,181.678297472,19.93,6.95,15.21,0.11,0.26,0.17,0.62,0.27,0.26,8.5,6.18,5.47,1.96
0.3375892326,128.429789065,16.51,6.58,6.24,0.12,0.36,0.22,0.99,0.62,0.71,6.69,9.44,6.69,3.61
0.3025702345,222.517858226,6.28,19.43,5.22,0.27,0.59,0.23,0.51,0.3,0.48,6.84,2.38,9.03,2.71
-0.1559209299,216.493164784,9.05,11.93,1.41,0.65,0.06,0.5,0.33,0.48,0.92,1.79,9.25,2.07,3.73
0.6323942394,93.9421367196,4.02,2.19,10.29,0.68,0.12,0.06,0.49,0.86,0.85,4.62,7.42,2.29,3.74
-0.2955587904,181.347962316,1.86,16.45,19.32,0.44,0.2,0.67,0.87,0.98,0.53,8.96,2.21,4.51,2.39
-0.179226648,271.58223201,2.51,5.74,17.3,0.69,0.22,0.58,1,0.59,0.83,9.47,2.07,4.14,1.75
0.0206777926,144.301127467,11.3,14.7,9.2,0.69,0.9,0.51,0.54,0.88,0.26,2.77,4.58,6.43,3.83
-0.4222425009,270.444787554,2.39,2.56,10.43,0.5,0.95,0.52,0.6,0.95,0.88,2.16,8.59,6.87,2.34
-0.1606521119,300.957373331,4.88,4.14,18.23,0.46,0.15,0.96,0.42,0.43,0.63,8.62,2.69,1.15,3.07
-0.2330965513,228.171964043,4.94,1.44,9.07,0.06,0.11,0.01,0.8,0.94,0.77,8.23,4.21,8.45,1.81
0.40088353,200.581536245,10.6,0.2,11.7,0.76,0.04,0.79,0.72,0.54,0.39,6.78,9.59,6.67,1.97
-0.0091475385,194.11949305,5.51,5.08,13.41,0.36,0.88,0.96,0.79,0.7,0.47,9.43,1.81,9.91,1.24
0.0799722823,185.762795854,13.73,19.65,7.74,0.57,0.04,0.13,0.49,0.51,0.49,1.25,7.89,3.58,2.85
0.1858169906,180.120109875,10.36,1.55,5.34,0.53,0.49,0.04,0.52,0.29,0.83,1.85,5.53,1.13,2.37
